"PK","SK","close","created_at","high","low","open","pair","timeframe_minutes","timestamp","volume","vwap"
"PAIR#XXBTZUSD","TF#1m#TS#1778389200","80729","1778432425","80741.8","80729","80741.8","XXBTZUSD","1","1778389200","0.06036433","80740.6"
"PAIR#XXBTZUSD","TF#1m#TS#1778389260","80722.7","1778432499","80729","80722.7","80728.9","XXBTZUSD","1","1778389260","0.02144939","80723.2"
"PAIR#XXBTZUSD","TF#1m#TS#1778389320","80722.7","1778432545","80722.8","80722.7","80722.8","XXBTZUSD","1","1778389320","0.00133347","80722.7"
"PAIR#XXBTZUSD","TF#1m#TS#1778389380","80722.8","1778432605","80722.8","80722.7","80722.7","XXBTZUSD","1","1778389380","0.00848397","80722.7"
"PAIR#XXBTZUSD","TF#1m#TS#1778389440","80722.7","1778432665","80722.8","80722.7","80722.8","XXBTZUSD","1","1778389440","0.01179537","80722.7"
"PAIR#XXBTZUSD","TF#1m#TS#1778389500","80722.8","1778432726","80722.8","80722.7","80722.8","XXBTZUSD","1","1778389500","0.01096384","80722.7"
"PAIR#XXBTZUSD","TF#1m#TS#1778389560","80722.7","1778432785","80722.8","80722.7","80722.8","XXBTZUSD","1","1778389560","0.01207936","80722.7"
"PAIR#XXBTZUSD","TF#1m#TS#1778389620","80722.8","1778432845","80722.8","80722.7","80722.7","XXBTZUSD","1","1778389620","0.03486635","80722.7"
"PAIR#XXBTZUSD","TF#1m#TS#1778389680","80722.7","1778432905","80722.8","80722.7","80722.8","XXBTZUSD","1","1778389680","0.03828273","80722.7"
"PAIR#XXBTZUSD","TF#1m#TS#1778389740","80722.8","1778432965","80722.8","80722.7","80722.7","XXBTZUSD","1","1778389740","0.00841236","80722.7"
"PAIR#XXBTZUSD","TF#1m#TS#1778389800","80722.8","1778433025","80722.8","80722.7","80722.8","XXBTZUSD","1","1778389800","0.01258278","80722.7"
"PAIR#XXBTZUSD","TF#1m#TS#1778389860","80722.7","1778433085","80722.8","80722.7","80722.8","XXBTZUSD","1","1778389860","0.01803009","80722.7"
"PAIR#XXBTZUSD","TF#1m#TS#1778389920","80722.8","1778433145","80722.8","80722.7","80722.8","XXBTZUSD","1","1778389920","0.0035851","80722.7"
"PAIR#XXBTZUSD","TF#1m#TS#1778389980","80722.7","1778433205","80722.8","80722.7","80722.7","XXBTZUSD","1","1778389980","0.08588631","80722.7"
"PAIR#XXBTZUSD","TF#1m#TS#1778390040","80725.8","1778433265","80725.8","80722.7","80722.8","XXBTZUSD","1","1778390040","0.10364568","80722.8"
"PAIR#XXBTZUSD","TF#1m#TS#1778390100","80750.8","1778433325","80750.8","80725.8","80725.8","XXBTZUSD","1","1778390100","0.32326933","80738.5"
"PAIR#XXBTZUSD","TF#1m#TS#1778390160","80750.8","1778433385","80750.8","80750.7","80750.8","XXBTZUSD","1","1778390160","0.04164553","80750.7"
"PAIR#XXBTZUSD","TF#1m#TS#1778390220","80750.7","1778433445","80750.8","80750.7","80750.8","XXBTZUSD","1","1778390220","0.03021481","80750.7"
"PAIR#XXBTZUSD","TF#1m#TS#1778390280","80751.9","1778433505","80752","80750.7","80750.8","XXBTZUSD","1","1778390280","0.65025089","80750.8"
"PAIR#XXBTZUSD","TF#1m#TS#1778390340","80752","1778433565","80752","80751.9","80752","XXBTZUSD","1","1778390340","0.00375991","80751.9"
"PAIR#XXBTZUSD","TF#1m#TS#1778390400","80752","1778433625","80752","80751.9","80751.9","XXBTZUSD","1","1778390400","0.00812579","80751.9"
"PAIR#XXBTZUSD","TF#1m#TS#1778390460","80752","1778433685","80752","80751.9","80752","XXBTZUSD","1","1778390460","0.03345019","80751.9"
"PAIR#XXBTZUSD","TF#1m#TS#1778390520","80752","1778433745","80752","80751.9","80751.9","XXBTZUSD","1","1778390520","0.01578357","80751.9"
"PAIR#XXBTZUSD","TF#1m#TS#1778390580","80752","1778433805","80752","80751.9","80752","XXBTZUSD","1","1778390580","0.02717083","80751.9"
"PAIR#XXBTZUSD","TF#1m#TS#1778390640","80774.1","1778433865","80774.1","80751.9","80751.9","XXBTZUSD","1","1778390640","1.42791291","80752"
"PAIR#XXBTZUSD","TF#1m#TS#1778390700","80774.1","1778433925","80774.1","80774","80774.1","XXBTZUSD","1","1778390700","0.01692584","80774"
"PAIR#XXBTZUSD","TF#1m#TS#1778390760","80774.1","1778433985","80774.1","80774","80774.1","XXBTZUSD","1","1778390760","0.00735952","80774"
"PAIR#XXBTZUSD","TF#1m#TS#1778390820","80774.1","1778434045","80774.1","80774","80774.1","XXBTZUSD","1","1778390820","0.00892379","80774"
"PAIR#XXBTZUSD","TF#1m#TS#1778390880","80774.1","1778434105","80774.1","80774","80774.1","XXBTZUSD","1","1778390880","0.00810023","80774"
"PAIR#XXBTZUSD","TF#1m#TS#1778390940","80754","1778434165","80774.1","80754","80774.1","XXBTZUSD","1","1778390940","0.13665295","80773.2"
"PAIR#XXBTZUSD","TF#1m#TS#1778391000","80772.1","1778434225","80772.1","80751","80751","XXBTZUSD","1","1778391000","0.10007689","80752.7"
"PAIR#XXBTZUSD","TF#1m#TS#1778391060","80772.1","1778434285","80772.1","80772","80772.1","XXBTZUSD","1","1778391060","0.01572915","80772"
"PAIR#XXBTZUSD","TF#1m#TS#1778391120","80772","1778434345","80772.1","80772","80772.1","XXBTZUSD","1","1778391120","0.01721208","80772"
"PAIR#XXBTZUSD","TF#1m#TS#1778391180","80772","1778434405","80772.1","80772","80772.1","XXBTZUSD","1","1778391180","0.02484225","80772"
"PAIR#XXBTZUSD","TF#1m#TS#1778391240","80754","1778434465","80754","80753.9","80753.9","XXBTZUSD","1","1778391240","0.00093347","80753.9"
"PAIR#XXBTZUSD","TF#1m#TS#1778391300","80754","1778434525","80754","80753.9","80753.9","XXBTZUSD","1","1778391300","0.00231363","80753.9"
"PAIR#XXBTZUSD","TF#1m#TS#1778391360","80753.9","1778434585","80754","80753.9","80753.9","XXBTZUSD","1","1778391360","0.07599764","80753.9"
"PAIR#XXBTZUSD","TF#1m#TS#1778391420","80754","1778434645","80754","80753.9","80754","XXBTZUSD","1","1778391420","0.00707243","80753.9"
"PAIR#XXBTZUSD","TF#1m#TS#1778391480","80754","1778434705","80754","80753.9","80753.9","XXBTZUSD","1","1778391480","0.12343846","80753.9"
"PAIR#XXBTZUSD","TF#1m#TS#1778391540","80754","1778434765","80754","80753.9","80754","XXBTZUSD","1","1778391540","0.02266015","80753.9"
"PAIR#XXBTZUSD","TF#1m#TS#1778391600","80754","1778434825","80754","80754","80754","XXBTZUSD","1","1778391600","0.24532387","80754"
"PAIR#XXBTZUSD","TF#1m#TS#1778391660","80750.9","1778434885","80754","80750.8","80754","XXBTZUSD","1","1778391660","0.08088136","80751.7"
"PAIR#XXBTZUSD","TF#1m#TS#1778391720","80750.9","1778434945","80750.9","80750.8","80750.8","XXBTZUSD","1","1778391720","0.00196207","80750.8"
"PAIR#XXBTZUSD","TF#1m#TS#1778391780","80734.3","1778435005","80750.9","80734.3","80750.9","XXBTZUSD","1","1778391780","0.31940853","80750.6"
"PAIR#XXBTZUSD","TF#1m#TS#1778391840","80734.3","1778435065","80734.4","80734.3","80734.4","XXBTZUSD","1","1778391840","0.06825793","80734.3"
"PAIR#XXBTZUSD","TF#1m#TS#1778391900","80734.4","1778435125","80734.4","80734.3","80734.3","XXBTZUSD","1","1778391900","0.00764809","80734.3"
"PAIR#XXBTZUSD","TF#1m#TS#1778391960","80734.4","1778435185","80734.4","80734.3","80734.4","XXBTZUSD","1","1778391960","0.11602764","80734.3"
"PAIR#XXBTZUSD","TF#1m#TS#1778392020","80731.5","1778435245","80734.3","80727.8","80734.3","XXBTZUSD","1","1778392020","0.09599537","80731.4"
"PAIR#XXBTZUSD","TF#1m#TS#1778392080","80731.5","1778435305","80731.5","80725.5","80731.5","XXBTZUSD","1","1778392080","0.38009833","80726.9"
"PAIR#XXBTZUSD","TF#1m#TS#1778392140","80723.1","1778435365","80731.5","80723.1","80731.5","XXBTZUSD","1","1778392140","0.00769341","80725.2"
"PAIR#XXBTZUSD","TF#1m#TS#1778392200","80688.7","1778435425","80723.1","80688.7","80723","XXBTZUSD","1","1778392200","0.09028362","80694.7"
"PAIR#XXBTZUSD","TF#1m#TS#1778392260","80689.6","1778435485","80689.6","80689.5","80689.6","XXBTZUSD","1","1778392260","0.03284385","80689.5"
"PAIR#XXBTZUSD","TF#1m#TS#1778392320","80689.6","1778435545","80689.6","80689.5","80689.5","XXBTZUSD","1","1778392320","0.12530244","80689.5"
"PAIR#XXBTZUSD","TF#1m#TS#1778392380","80681.8","1778435605","80689.6","80681.5","80689.5","XXBTZUSD","1","1778392380","0.01459003","80685.5"
"PAIR#XXBTZUSD","TF#1m#TS#1778392440","80670","1778435665","80681.9","80669.8","80681.9","XXBTZUSD","1","1778392440","0.18233212","80678.2"
"PAIR#XXBTZUSD","TF#1m#TS#1778392500","80670","1778435725","80670","80670","80670","XXBTZUSD","1","1778392500","0.0030069","80670"
"PAIR#XXBTZUSD","TF#1m#TS#1778392560","80670","1778435785","80670","80669.9","80669.9","XXBTZUSD","1","1778392560","0.02802533","80669.9"
"PAIR#XXBTZUSD","TF#1m#TS#1778392620","80670","1778435845","80670","80669.9","80669.9","XXBTZUSD","1","1778392620","0.06460826","80669.9"
"PAIR#XXBTZUSD","TF#1m#TS#1778392680","80670","1778435905","80670","80669.9","80670","XXBTZUSD","1","1778392680","0.05281539","80669.9"
"PAIR#XXBTZUSD","TF#1m#TS#1778392740","80670","1778435965","80670","80669.9","80670","XXBTZUSD","1","1778392740","0.37273336","80669.9"
"PAIR#XXBTZUSD","TF#1m#TS#1778392800","80670","1778436025","80670","80669.9","80670","XXBTZUSD","1","1778392800","0.10047628","80669.9"
"PAIR#XXBTZUSD","TF#1m#TS#1778392860","80670","1778436085","80670","80669.9","80669.9","XXBTZUSD","1","1778392860","0.05541279","80669.9"
"PAIR#XXBTZUSD","TF#1m#TS#1778392920","80670","1778436145","80670","80669.9","80669.9","XXBTZUSD","1","1778392920","0.00163287","80669.9"
"PAIR#XXBTZUSD","TF#1m#TS#1778392980","80699.2","1778436205","80699.3","80670","80670","XXBTZUSD","1","1778392980","1.3425361","80674.2"
"PAIR#XXBTZUSD","TF#1m#TS#1778393040","80695.8","1778436265","80699.9","80695.8","80699.2","XXBTZUSD","1","1778393040","0.1933219","80698.6"
"PAIR#XXBTZUSD","TF#1m#TS#1778393100","80695.9","1778436325","80695.9","80695.8","80695.9","XXBTZUSD","1","1778393100","0.0407597","80695.8"
"PAIR#XXBTZUSD","TF#1m#TS#1778393160","80695.8","1778436385","80695.9","80695.8","80695.8","XXBTZUSD","1","1778393160","0.21628303","80695.8"
"PAIR#XXBTZUSD","TF#1m#TS#1778393220","80695.9","1778436445","80695.9","80695.8","80695.9","XXBTZUSD","1","1778393220","0.02513433","80695.8"
"PAIR#XXBTZUSD","TF#1m#TS#1778393280","80695.9","1778436505","80695.9","80695.8","80695.9","XXBTZUSD","1","1778393280","0.00805644","80695.8"
"PAIR#XXBTZUSD","TF#1m#TS#1778393340","80695.9","1778436565","80695.9","80695.8","80695.9","XXBTZUSD","1","1778393340","0.01987652","80695.8"
"PAIR#XXBTZUSD","TF#1m#TS#1778393400","80695.9","1778436625","80695.9","80695.8","80695.9","XXBTZUSD","1","1778393400","0.05650742","80695.8"
"PAIR#XXBTZUSD","TF#1m#TS#1778393460","80695.9","1778436685","80695.9","80695.8","80695.8","XXBTZUSD","1","1778393460","0.04208183","80695.8"
"PAIR#XXBTZUSD","TF#1m#TS#1778393520","80695.8","1778436745","80695.8","80695.8","80695.8","XXBTZUSD","1","1778393520","0.02801243","80695.8"
"PAIR#XXBTZUSD","TF#1m#TS#1778393580","80695.8","1778436805","80695.9","80695.8","80695.8","XXBTZUSD","1","1778393580","0.01762848","80695.8"
"PAIR#XXBTZUSD","TF#1m#TS#1778393640","80695.8","1778436865","80695.9","80695.8","80695.9","XXBTZUSD","1","1778393640","0.10444327","80695.8"
"PAIR#XXBTZUSD","TF#1m#TS#1778393700","80695.9","1778436925","80695.9","80695.8","80695.9","XXBTZUSD","1","1778393700","0.18091044","80695.8"
"PAIR#XXBTZUSD","TF#1m#TS#1778393760","80695.8","1778436985","80695.9","80695.8","80695.9","XXBTZUSD","1","1778393760","0.08780005","80695.8"
"PAIR#XXBTZUSD","TF#1m#TS#1778393820","80695.8","1778437045","80695.9","80695.8","80695.8","XXBTZUSD","1","1778393820","0.00606339","80695.8"
"PAIR#XXBTZUSD","TF#1m#TS#1778393880","80695.9","1778437105","80695.9","80695.8","80695.8","XXBTZUSD","1","1778393880","0.01413583","80695.8"
"PAIR#XXBTZUSD","TF#1m#TS#1778393940","80695.9","1778437165","80695.9","80695.8","80695.8","XXBTZUSD","1","1778393940","0.00695556","80695.8"
"PAIR#XXBTZUSD","TF#1m#TS#1778394000","80695.9","1778437225","80695.9","80695.8","80695.9","XXBTZUSD","1","1778394000","0.04849696","80695.8"
"PAIR#XXBTZUSD","TF#1m#TS#1778394060","80695.9","1778437285","80695.9","80695.9","80695.9","XXBTZUSD","1","1778394060","0.00458326","80695.9"
"PAIR#XXBTZUSD","TF#1m#TS#1778394120","80695.9","1778437345","80695.9","80695.8","80695.9","XXBTZUSD","1","1778394120","0.01084876","80695.8"
"PAIR#XXBTZUSD","TF#1m#TS#1778394180","80680.1","1778437405","80695.9","80680.1","80695.8","XXBTZUSD","1","1778394180","0.45955096","80680.7"
"PAIR#XXBTZUSD","TF#1m#TS#1778394240","80682.8","1778437465","80682.8","80682.7","80682.7","XXBTZUSD","1","1778394240","0.00344319","80682.7"
"PAIR#XXBTZUSD","TF#1m#TS#1778394300","80678.9","1778437525","80682.8","80674.9","80682.8","XXBTZUSD","1","1778394300","0.11174663","80679.5"
"PAIR#XXBTZUSD","TF#1m#TS#1778394360","80678.9","1778437585","80678.9","80678.8","80678.9","XXBTZUSD","1","1778394360","0.01496897","80678.8"
"PAIR#XXBTZUSD","TF#1m#TS#1778394420","80656.9","1778437645","80678.9","80654","80678.9","XXBTZUSD","1","1778394420","0.03911851","80664.1"
"PAIR#XXBTZUSD","TF#1m#TS#1778394480","80656.8","1778437705","80656.9","80656.8","80656.8","XXBTZUSD","1","1778394480","0.52113853","80656.8"
"PAIR#XXBTZUSD","TF#1m#TS#1778394540","80636.9","1778437765","80656.9","80634.8","80656.9","XXBTZUSD","1","1778394540","1.1621625","80652.8"
"PAIR#XXBTZUSD","TF#1m#TS#1778394600","80636.8","1778437825","80636.9","80636.8","80636.9","XXBTZUSD","1","1778394600","0.03422403","80636.8"
"PAIR#XXBTZUSD","TF#1m#TS#1778394660","80636.8","1778437885","80636.9","80636.8","80636.8","XXBTZUSD","1","1778394660","0.03214904","80636.8"
"PAIR#XXBTZUSD","TF#1m#TS#1778394720","80636.9","1778437945","80636.9","80636.8","80636.8","XXBTZUSD","1","1778394720","0.00518391","80636.8"
"PAIR#XXBTZUSD","TF#1m#TS#1778394780","80636.9","1778438005","80636.9","80636.9","80636.9","XXBTZUSD","1","1778394780","0.02304033","80636.9"
"PAIR#XXBTZUSD","TF#1m#TS#1778394840","80636.9","1778438065","80636.9","80636.8","80636.9","XXBTZUSD","1","1778394840","0.00134647","80636.8"
"PAIR#XXBTZUSD","TF#1m#TS#1778394900","80649.1","1778438125","80649.1","80636.8","80636.9","XXBTZUSD","1","1778394900","0.27599821","80636.9"
"PAIR#XXBTZUSD","TF#1m#TS#1778394960","80649.1","1778438185","80649.1","80649","80649","XXBTZUSD","1","1778394960","0.02951844","80649"
"PAIR#XXBTZUSD","TF#1m#TS#1778395020","80688.2","1778438245","80704","80649","80649","XXBTZUSD","1","1778395020","1.18689117","80670.9"
"PAIR#XXBTZUSD","TF#1m#TS#1778395080","80688.2","1778438305","80688.2","80688.1","80688.2","XXBTZUSD","1","1778395080","0.00746202","80688.1"
"PAIR#XXBTZUSD","TF#1m#TS#1778395140","80688.2","1778438365","80688.2","80688.1","80688.1","XXBTZUSD","1","1778395140","0.06749574","80688.1"
"PAIR#XXBTZUSD","TF#1m#TS#1778395200","80688.1","1778438425","80688.2","80688.1","80688.2","XXBTZUSD","1","1778395200","0.02685694","80688.1"
"PAIR#XXBTZUSD","TF#1m#TS#1778395260","80708.1","1778438485","80708.1","80688.2","80688.2","XXBTZUSD","1","1778395260","0.77897354","80689.1"
"PAIR#XXBTZUSD","TF#1m#TS#1778395320","80702.5","1778438545","80708.1","80701.7","80708","XXBTZUSD","1","1778395320","0.15299941","80706.5"
"PAIR#XXBTZUSD","TF#1m#TS#1778395380","80692.1","1778438605","80702.5","80692","80702.4","XXBTZUSD","1","1778395380","0.0441407","80692.4"
"PAIR#XXBTZUSD","TF#1m#TS#1778395440","80692.1","1778438665","80692.1","80692","80692.1","XXBTZUSD","1","1778395440","0.00521067","80692"
"PAIR#XXBTZUSD","TF#1m#TS#1778395500","80692","1778438725","80692.1","80692","80692","XXBTZUSD","1","1778395500","0.11609717","80692"
"PAIR#XXBTZUSD","TF#1m#TS#1778395560","80692.1","1778438785","80692.1","80692","80692.1","XXBTZUSD","1","1778395560","0.01809683","80692"
"PAIR#XXBTZUSD","TF#1m#TS#1778395620","80692.1","1778438845","80692.1","80692","80692","XXBTZUSD","1","1778395620","0.04582527","80692"
"PAIR#XXBTZUSD","TF#1m#TS#1778395680","80692.1","1778438905","80692.1","80692","80692.1","XXBTZUSD","1","1778395680","0.0778453","80692"
"PAIR#XXBTZUSD","TF#1m#TS#1778395740","80704.9","1778438965","80705","80692.1","80692.1","XXBTZUSD","1","1778395740","0.19103384","80701.1"
"PAIR#XXBTZUSD","TF#1m#TS#1778395800","80705","1778439025","80705","80704.9","80705","XXBTZUSD","1","1778395800","3.81777454","80704.9"
"PAIR#XXBTZUSD","TF#1m#TS#1778395860","80705","1778439085","80705","80704.9","80705","XXBTZUSD","1","1778395860","0.13814591","80704.9"
"PAIR#XXBTZUSD","TF#1m#TS#1778395920","80704.9","1778439145","80705","80704.9","80704.9","XXBTZUSD","1","1778395920","0.01514505","80704.9"
"PAIR#XXBTZUSD","TF#1m#TS#1778395980","80704.9","1778439205","80705","80704.9","80705","XXBTZUSD","1","1778395980","0.01041853","80704.9"
"PAIR#XXBTZUSD","TF#1m#TS#1778396040","80705","1778439265","80705","80704.9","80705","XXBTZUSD","1","1778396040","0.0320523","80704.9"
"PAIR#XXBTZUSD","TF#1m#TS#1778396100","80704.9","1778439325","80705","80704.9","80704.9","XXBTZUSD","1","1778396100","0.00949586","80704.9"
"PAIR#XXBTZUSD","TF#1m#TS#1778396160","80704.9","1778439385","80705","80704.9","80705","XXBTZUSD","1","1778396160","0.0115874","80704.9"
"PAIR#XXBTZUSD","TF#1m#TS#1778396220","80705","1778439445","80705","80704.9","80704.9","XXBTZUSD","1","1778396220","0.00109077","80704.9"
"PAIR#XXBTZUSD","TF#1m#TS#1778396280","80705","1778439505","80705","80704.9","80704.9","XXBTZUSD","1","1778396280","0.01406568","80704.9"
"PAIR#XXBTZUSD","TF#1m#TS#1778396340","80704.9","1778439565","80705","80704.9","80705","XXBTZUSD","1","1778396340","0.00508186","80704.9"
"PAIR#XXBTZUSD","TF#1m#TS#1778396400","80715.9","1778439625","80715.9","80705","80705","XXBTZUSD","1","1778396400","6.5507313","80705.2"
"PAIR#XXBTZUSD","TF#1m#TS#1778396460","80744.9","1778439685","80744.9","80715.8","80715.8","XXBTZUSD","1","1778396460","0.0923701","80729.2"
"PAIR#XXBTZUSD","TF#1m#TS#1778396520","80744.9","1778439745","80744.9","80744.8","80744.9","XXBTZUSD","1","1778396520","0.01838455","80744.8"
"PAIR#XXBTZUSD","TF#1m#TS#1778396580","80767.5","1778439805","80767.5","80744.9","80744.9","XXBTZUSD","1","1778396580","1.21385477","80752.2"
"PAIR#XXBTZUSD","TF#1m#TS#1778396640","80738.2","1778439865","80766.3","80738.2","80766.3","XXBTZUSD","1","1778396640","0.09690124","80761.1"
"PAIR#XXBTZUSD","TF#1m#TS#1778396700","80738.2","1778439925","80738.3","80738.2","80738.2","XXBTZUSD","1","1778396700","0.079264","80738.2"
"PAIR#XXBTZUSD","TF#1m#TS#1778396760","80738.3","1778439985","80738.3","80738.2","80738.3","XXBTZUSD","1","1778396760","0.03269698","80738.2"
"PAIR#XXBTZUSD","TF#1m#TS#1778396820","80738.3","1778440045","80738.3","80738.2","80738.3","XXBTZUSD","1","1778396820","0.00289444","80738.2"
"PAIR#XXBTZUSD","TF#1m#TS#1778396880","80746.6","1778440105","80746.6","80738.2","80738.3","XXBTZUSD","1","1778396880","0.05698077","80740.3"
"PAIR#XXBTZUSD","TF#1m#TS#1778396940","80746.6","1778440165","80746.6","80746.5","80746.5","XXBTZUSD","1","1778396940","0.12677508","80746.5"
"PAIR#XXBTZUSD","TF#1m#TS#1778397000","80746.5","1778440225","80746.6","80746.5","80746.6","XXBTZUSD","1","1778397000","0.01465113","80746.5"
"PAIR#XXBTZUSD","TF#1m#TS#1778397060","80746.6","1778440285","80746.6","80746.5","80746.6","XXBTZUSD","1","1778397060","0.01584073","80746.5"
"PAIR#XXBTZUSD","TF#1m#TS#1778397120","80746.1","1778440345","80746.6","80746.1","80746.6","XXBTZUSD","1","1778397120","0.29884601","80746.4"
"PAIR#XXBTZUSD","TF#1m#TS#1778397180","80746.2","1778440405","80746.2","80746.1","80746.1","XXBTZUSD","1","1778397180","0.02904596","80746.1"
"PAIR#XXBTZUSD","TF#1m#TS#1778397240","80731","1778440465","80746.2","80731","80746.2","XXBTZUSD","1","1778397240","0.03598908","80739.2"
"PAIR#XXBTZUSD","TF#1m#TS#1778397300","80723.5","1778440525","80730.9","80723.5","80730.9","XXBTZUSD","1","1778397300","0.0165869","80723.6"
"PAIR#XXBTZUSD","TF#1m#TS#1778397360","80723.5","1778440585","80723.6","80723.5","80723.5","XXBTZUSD","1","1778397360","0.01795023","80723.5"
"PAIR#XXBTZUSD","TF#1m#TS#1778397420","80738.9","1778440645","80738.9","80723.5","80723.6","XXBTZUSD","1","1778397420","0.12216153","80723.6"
"PAIR#XXBTZUSD","TF#1m#TS#1778397480","80747.2","1778440705","80747.2","80738.9","80738.9","XXBTZUSD","1","1778397480","0.01556022","80746.7"
"PAIR#XXBTZUSD","TF#1m#TS#1778397540","80747.2","1778440765","80747.3","80746.5","80747.2","XXBTZUSD","1","1778397540","0.28376533","80746.7"
"PAIR#XXBTZUSD","TF#1m#TS#1778397600","80746.7","1778440825","80746.7","80746.6","80746.7","XXBTZUSD","1","1778397600","0.00118049","80746.6"
"PAIR#XXBTZUSD","TF#1m#TS#1778397660","80746.7","1778440885","80746.7","80746.6","80746.7","XXBTZUSD","1","1778397660","0.00325442","80746.6"
"PAIR#XXBTZUSD","TF#1m#TS#1778397720","80768.8","1778440945","80768.9","80746.6","80746.6","XXBTZUSD","1","1778397720","0.15713194","80748.1"
"PAIR#XXBTZUSD","TF#1m#TS#1778397780","80768.9","1778441005","80768.9","80768.8","80768.8","XXBTZUSD","1","1778397780","0.00677207","80768.8"
"PAIR#XXBTZUSD","TF#1m#TS#1778397840","80762.1","1778441065","80768.9","80762.1","80768.8","XXBTZUSD","1","1778397840","0.2136645","80764.5"
"PAIR#XXBTZUSD","TF#1m#TS#1778397900","80758.2","1778441125","80762.2","80758.2","80762.1","XXBTZUSD","1","1778397900","0.00496074","80760.7"
"PAIR#XXBTZUSD","TF#1m#TS#1778397960","80780.8","1778441185","80780.9","80758.2","80758.3","XXBTZUSD","1","1778397960","0.56423711","80760.6"
"PAIR#XXBTZUSD","TF#1m#TS#1778398020","80778.5","1778441245","80780.9","80778.4","80780.9","XXBTZUSD","1","1778398020","0.02850653","80778.7"
"PAIR#XXBTZUSD","TF#1m#TS#1778398080","80766.3","1778441305","80778.4","80765.2","80778.4","XXBTZUSD","1","1778398080","0.90608866","80767.6"
"PAIR#XXBTZUSD","TF#1m#TS#1778398140","80766.3","1778441365","80766.4","80766.3","80766.4","XXBTZUSD","1","1778398140","0.01308897","80766.3"
"PAIR#XXBTZUSD","TF#1m#TS#1778398200","80759","1778441425","80766.4","80758.9","80766.4","XXBTZUSD","1","1778398200","0.2041157","80764.8"
"PAIR#XXBTZUSD","TF#1m#TS#1778398260","80758.9","1778441485","80759","80758.9","80759","XXBTZUSD","1","1778398260","0.02446323","80758.9"
"PAIR#XXBTZUSD","TF#1m#TS#1778398320","80759","1778441545","80759","80758.9","80759","XXBTZUSD","1","1778398320","0.00593679","80758.9"
"PAIR#XXBTZUSD","TF#1m#TS#1778398380","80759","1778441605","80759","80758.9","80759","XXBTZUSD","1","1778398380","0.03926858","80758.9"
"PAIR#XXBTZUSD","TF#1m#TS#1778398440","80753.3","1778441665","80758.9","80753.2","80758.9","XXBTZUSD","1","1778398440","0.0617544","80755.1"
"PAIR#XXBTZUSD","TF#1m#TS#1778398500","80753.3","1778441725","80753.3","80753.2","80753.3","XXBTZUSD","1","1778398500","0.00690538","80753.2"
"PAIR#XXBTZUSD","TF#1m#TS#1778398560","80750.7","1778441785","80753.3","80749.8","80753.2","XXBTZUSD","1","1778398560","0.15427468","80750"
"PAIR#XXBTZUSD","TF#1m#TS#1778398620","80750.7","1778441845","80750.7","80750.6","80750.7","XXBTZUSD","1","1778398620","0.00420682","80750.6"
"PAIR#XXBTZUSD","TF#1m#TS#1778398680","80750.7","1778441905","80750.7","80750.6","80750.7","XXBTZUSD","1","1778398680","0.00717935","80750.6"
"PAIR#XXBTZUSD","TF#1m#TS#1778398740","80750.7","1778441965","80750.7","80750.6","80750.6","XXBTZUSD","1","1778398740","0.00271756","80750.6"
"PAIR#XXBTZUSD","TF#1m#TS#1778398800","80750.6","1778442025","80750.7","80750.6","80750.6","XXBTZUSD","1","1778398800","0.00617777","80750.6"
"PAIR#XXBTZUSD","TF#1m#TS#1778398860","80750.7","1778442085","80750.7","80750.6","80750.7","XXBTZUSD","1","1778398860","0.63417843","80750.6"
"PAIR#XXBTZUSD","TF#1m#TS#1778398920","80750.7","1778442145","80750.7","80750.6","80750.7","XXBTZUSD","1","1778398920","0.02988094","80750.6"
"PAIR#XXBTZUSD","TF#1m#TS#1778398980","80750.3","1778442205","80750.7","80750.3","80750.7","XXBTZUSD","1","1778398980","0.00981004","80750.5"
"PAIR#XXBTZUSD","TF#1m#TS#1778399040","80750.3","1778442265","80750.4","80750.3","80750.4","XXBTZUSD","1","1778399040","0.00356948","80750.3"
"PAIR#XXBTZUSD","TF#1m#TS#1778399100","80750.3","1778442325","80750.4","80750.3","80750.4","XXBTZUSD","1","1778399100","0.00292672","80750.3"
"PAIR#XXBTZUSD","TF#1m#TS#1778399160","80750.3","1778442385","80750.4","80750.3","80750.4","XXBTZUSD","1","1778399160","0.01589634","80750.3"
"PAIR#XXBTZUSD","TF#1m#TS#1778399220","80750.3","1778442445","80750.4","80750.3","80750.3","XXBTZUSD","1","1778399220","0.0031488","80750.3"
"PAIR#XXBTZUSD","TF#1m#TS#1778399280","80750.4","1778442505","80750.4","80750.3","80750.3","XXBTZUSD","1","1778399280","0.02128602","80750.3"
"PAIR#XXBTZUSD","TF#1m#TS#1778399340","80765.2","1778442565","80773.3","80750.3","80750.4","XXBTZUSD","1","1778399340","1.24601568","80761.8"
"PAIR#XXBTZUSD","TF#1m#TS#1778399400","80765.3","1778442625","80765.3","80765.2","80765.2","XXBTZUSD","1","1778399400","0.00325762","80765.2"
"PAIR#XXBTZUSD","TF#1m#TS#1778399460","80748.4","1778442685","80765.3","80748.3","80765.3","XXBTZUSD","1","1778399460","0.06829872","80764.6"
"PAIR#XXBTZUSD","TF#1m#TS#1778399520","80740","1778442745","80748.4","80740","80748.3","XXBTZUSD","1","1778399520","0.03580946","80743.5"
"PAIR#XXBTZUSD","TF#1m#TS#1778399580","80738.2","1778442805","80740.1","80738.1","80740.1","XXBTZUSD","1","1778399580","0.00474488","80739.3"
"PAIR#XXBTZUSD","TF#1m#TS#1778399640","80738.2","1778442865","80738.2","80738.1","80738.2","XXBTZUSD","1","1778399640","0.00424751","80738.1"
"PAIR#XXBTZUSD","TF#1m#TS#1778399700","80738.2","1778442925","80738.2","80738.1","80738.1","XXBTZUSD","1","1778399700","0.00637325","80738.1"
"PAIR#XXBTZUSD","TF#1m#TS#1778399760","80738.2","1778442985","80738.2","80738.1","80738.1","XXBTZUSD","1","1778399760","0.00447908","80738.1"
"PAIR#XXBTZUSD","TF#1m#TS#1778399820","80726.5","1778443045","80738.2","80726.5","80738.2","XXBTZUSD","1","1778399820","0.05933539","80733.1"
"PAIR#XXBTZUSD","TF#1m#TS#1778399880","80728","1778443105","80728","80727.9","80727.9","XXBTZUSD","1","1778399880","0.00652976","80727.9"
"PAIR#XXBTZUSD","TF#1m#TS#1778399940","80728","1778443165","80728","80727.9","80728","XXBTZUSD","1","1778399940","0.02425636","80727.9"
"PAIR#XXBTZUSD","TF#1m#TS#1778400000","80725","1778443225","80728","80725","80728","XXBTZUSD","1","1778400000","0.02314486","80727"
"PAIR#XXBTZUSD","TF#1m#TS#1778400060","80725","1778443285","80725.1","80725","80725.1","XXBTZUSD","1","1778400060","0.03195143","80725"
"PAIR#XXBTZUSD","TF#1m#TS#1778400120","80723.7","1778443345","80725","80723.6","80725","XXBTZUSD","1","1778400120","0.00957543","80724.6"
"PAIR#XXBTZUSD","TF#1m#TS#1778400180","80723.6","1778443405","80723.7","80723.6","80723.7","XXBTZUSD","1","1778400180","0.01782277","80723.6"
"PAIR#XXBTZUSD","TF#1m#TS#1778400240","80711.9","1778443465","80723.6","80711.8","80723.6","XXBTZUSD","1","1778400240","0.12096187","80720.8"
"PAIR#XXBTZUSD","TF#1m#TS#1778400300","80710.1","1778443525","80711.8","80710","80711.8","XXBTZUSD","1","1778400300","0.51623553","80710.1"
"PAIR#XXBTZUSD","TF#1m#TS#1778400360","80710.1","1778443585","80710.1","80710","80710","XXBTZUSD","1","1778400360","0.00548539","80710"
"PAIR#XXBTZUSD","TF#1m#TS#1778400420","80710","1778443645","80710.1","80710","80710","XXBTZUSD","1","1778400420","0.00123733","80710"
"PAIR#XXBTZUSD","TF#1m#TS#1778400480","80710.1","1778443705","80710.1","80710","80710","XXBTZUSD","1","1778400480","0.02591358","80710"
"PAIR#XXBTZUSD","TF#1m#TS#1778400540","80750.4","1778443765","80750.4","80710","80710.1","XXBTZUSD","1","1778400540","0.38053962","80715"
"PAIR#XXBTZUSD","TF#1m#TS#1778400600","80790.2","1778443825","80790.3","80752","80752","XXBTZUSD","1","1778400600","0.04092709","80773.7"
"PAIR#XXBTZUSD","TF#1m#TS#1778400660","80759.5","1778443885","80790.3","80759.5","80790.2","XXBTZUSD","1","1778400660","0.1016875","80790"
"PAIR#XXBTZUSD","TF#1m#TS#1778400720","80759.5","1778443945","80759.6","80759.5","80759.6","XXBTZUSD","1","1778400720","0.03194023","80759.5"
"PAIR#XXBTZUSD","TF#1m#TS#1778400780","80757.8","1778444005","80759.5","80757.7","80759.5","XXBTZUSD","1","1778400780","0.20807407","80758.9"
"PAIR#XXBTZUSD","TF#1m#TS#1778400840","80757.7","1778444065","80757.8","80757.7","80757.7","XXBTZUSD","1","1778400840","0.02809803","80757.7"
"PAIR#XXBTZUSD","TF#1m#TS#1778400900","80754.2","1778444125","80757.7","80754.2","80757.7","XXBTZUSD","1","1778400900","0.00172218","80756.8"
"PAIR#XXBTZUSD","TF#1m#TS#1778400960","80773.8","1778444185","80773.8","80754.1","80754.2","XXBTZUSD","1","1778400960","1.58369579","80754.2"
"PAIR#XXBTZUSD","TF#1m#TS#1778401020","80772.7","1778444245","80773.9","80765.7","80773.9","XXBTZUSD","1","1778401020","2.27677828","80767.8"
"PAIR#XXBTZUSD","TF#1m#TS#1778401080","80772.7","1778444305","80772.7","80772.6","80772.6","XXBTZUSD","1","1778401080","0.96992119","80772.6"
"PAIR#XXBTZUSD","TF#1m#TS#1778401140","80772.6","1778444365","80772.7","80772.6","80772.7","XXBTZUSD","1","1778401140","0.00291171","80772.6"